index,value
1,718
2,1126
3,1164
4,1793
5,1988
6,2086
7,2164
8,2554
9,2781
10,2999
11,3889
12,4163
13,5447
14,6093
15,6267
16,6581
17,6619
18,6890
19,7284
20,7309
21,7361
22,7924
23,7972
24,8038
25,8124
26,8140
27,8431
28,8488
29,9045
30,9854
31,10480
32,10568
33,11144
34,11283
35,12543
36,13107
37,13160
38,13294
39,13556
40,13620
41,13909
42,14301
43,14362
44,14732
45,15075
46,15333
47,15420
48,15860
49,16255
50,16654
51,17102
52,17131
53,17345
54,17416
55,17518
56,18252
57,18544
58,18706
59,18718
60,18806
61,19443
62,19715
63,20033
64,20663
65,21521
66,21962
67,21963
68,22130
69,22832
70,23470
71,23616
72,24511
73,24998
74,25020
75,25087
76,25365
77,25387
78,25497
79,25577
80,25666
81,25970
82,26061
83,27184
84,27206
85,27238
86,27321
87,27787
88,28420
89,28726
90,28889
91,29403
92,29924
93,30456
94,30970
95,31148
96,31177
97,31340
98,31468
99,31955
100,33059
101,33399
102,33497
103,33654
104,34082
105,34454
106,34582
107,34898
108,34971
109,35014
110,35256
111,36069
112,36137
113,36193
114,36345
115,36828
116,37381
117,37484
118,37849
119,37867
120,38033
121,38049
122,38103
123,38538
124,38979
125,40911
126,41345
127,41469
128,41946
129,42686
130,43171
131,43393
132,43759
133,43935
134,44387
135,44453
136,44676
137,45191
138,45698
139,45948
140,46486
141,46588
142,47503
143,47516
144,47576
145,47687
146,47818
147,48271
148,48340
149,48445
150,48960
151,49047
152,49087
153,49152
154,49171
155,49551
156,49705
157,49920
158,49990
159,50012
160,50027
161,50095
162,50160
163,50478
164,50788
165,51633
166,51841
167,52353
168,53293
169,53422
170,53434
171,53633
172,53984
173,54202
174,54294
175,54677
176,55275
177,55926
178,56944
179,57004
180,57151
181,57157
182,57499
183,57507
184,58270
185,58760
186,58881
187,59498
188,59700
189,59946
190,61126
191,61354
192,61443
193,61559
194,61593
195,61729
196,61736
197,62093
198,62316
199,62513
200,62739
201,63034
202,63730
203,63923
204,64015
205,64166
206,64205
207,64289
208,64349
209,64440
210,64491
211,65380
212,65784
213,66117
214,66121
215,66316
216,66619
217,66620
218,66870
219,67600
220,67676
221,67760
222,67829
223,68299
224,68380
225,69356
226,70024
227,70318
228,70329
229,70666
230,71205
231,71606
232,73438
233,73563
234,74149
235,74155
236,74190
237,74759
238,74836
239,76061
240,76600
241,76749
242,76958
243,77414
244,77904
245,77915
246,77935
247,78480
248,79157
249,79279
250,79587
251,80350
252,81601
253,82770
254,84073
255,84297
256,85192
257,85828
258,86513
259,86715
260,87056
261,87555
262,87891
263,88221
264,88254
265,88340
266,88442
267,89445
268,89468
269,89795
270,89888
271,92343
272,92727
273,92772
274,92950
275,93109
276,93637
277,93697
278,93762
279,94035
280,94130
281,94666
282,94819
283,95614
284,96270
285,97085
286,97530
287,97639
288,97887
289,98243
290,98328
291,98801
292,99349
293,99416
294,99692
295,99758
296,101225
297,101513
298,101592
299,101756
300,101832
301,102146
302,103474
303,104232
304,104693
305,105995
306,106172
307,106413
308,106930
309,107089
310,107449
311,108673
312,108760
313,108938
314,108963
315,109414
316,109755
317,109816
318,110024
319,110278
320,110332
321,111151
322,111195
323,111557
324,111564
325,112097
326,113056
327,113272
328,115397
329,116568
330,117037
331,117298
332,118280
333,118852
334,119754
335,120833
336,120932
337,121149
338,121418
339,122233
340,122242
341,122268
342,122627
343,122705
344,123068
345,123555
346,124091
347,124432
348,125002
349,125423
350,125657
351,126265
352,126308
353,126912
354,127115
355,127733
356,128441
357,128546
358,128606
359,129016
360,129039
361,129243
362,129940
363,130086
364,130228
365,130441
366,130894
367,130913
368,130979
369,131194
370,131316
371,131632
372,131663
373,131994
374,133204
375,133229
376,133348
377,134877
378,134985
379,135686
380,135779
381,136156
382,136167
383,136685
384,136992
385,137676
386,137963
387,138102
388,138236
389,138397
390,138988
391,139413
392,139645
393,140085
394,140993
395,141185
396,141250
397,141634
398,141655
399,141982
400,141989
401,142901
402,142928
403,143025
404,143425
405,143678
406,143808
407,144152
408,144180
409,144303
410,144449
411,144827
412,145357
413,145713
414,146275
415,146500
416,146686
417,147718
418,148919
419,149102
420,149226
421,149322
422,149575
423,149727
424,149769
425,150176
426,150287
427,150674
428,150988
429,151093
430,151227
431,151245
432,152094
433,152551
434,153668
435,153818
436,154232
437,155124
438,155648
439,155777
440,155966
441,156379
442,156460
443,157201
444,157427
445,158001
446,158634
447,159464
448,159787
449,159883
450,159897
451,160070
452,160600
453,160983
454,161041
455,161137
456,161373
457,162059
458,162130
459,162286
460,162624
461,162743
462,162786
463,163861
464,164087
465,164443
466,164492
467,164541
468,165264
469,165561
470,165610
471,165625
472,165846
473,166493
474,166703
475,166738
476,166777
477,167404
478,167694
479,167704
480,168244
481,168401
482,168442
483,168452
484,168612
485,168701
486,168814
487,169099
488,169290
489,169390
490,169666
491,169720
492,169746
493,170105
494,170336
495,170793
496,170834
497,170957
498,171039
499,171849
500,172812
501,173360
502,173984
503,174004
504,174077
505,174172
506,174548
507,175512
508,175548
509,177079
510,177181
511,177204
512,177235
513,179052
514,179185
515,179842
516,180666
517,180806
518,181347
519,182428
520,182455
521,183187
522,183257
523,183408
524,183978
525,184404
526,185028
527,185232
528,185962
529,186342
530,186526
531,186647
532,186913
533,186931
534,186976
535,187127
536,187415
537,188183
538,188399
539,188615
540,188699
541,189069
542,189435
543,189525
544,189963
545,190387
546,190616
547,190625
548,190854
549,190997
550,192326
551,193282
552,193433
553,193971
554,194244
555,194402
556,194689
557,195080
558,195461
559,195496
560,195552
561,195626
562,195651
563,195920
564,195960
565,196163
566,196703
567,196973
568,197535
569,197830
570,198442
571,198784
572,199650
573,199902
574,199987
575,200168
576,200342
577,200440
578,200545
579,200894
580,200899
581,201044
582,201198
583,201510
584,202091
585,202318
586,202937
587,203283
588,203458
589,204104
590,204128
591,204479
592,204759
593,205454
594,205738
595,207033
596,207256
597,207451
598,207765
599,208477
600,208537
601,208716
602,209956
603,210083
604,210565
605,210723
606,211581
607,211864
608,212091
609,212152
610,212926
611,213552
612,213754
613,213821
614,213867
615,214198
616,215553
617,216289
618,216606
619,216703
620,216757
621,217154
622,217400
623,217753
624,217847
625,218470
626,218566
627,218607
628,219136
629,219807
630,219846
631,220112
632,220385
633,221228
634,221467
635,221663
636,222429
637,222440
638,222573
639,223281
640,223929
641,224314
642,224645
643,224900
644,224901
645,225006
646,225319
647,225385
648,225463
649,225741
650,226019
651,226926
652,226937
653,227325
654,227486
655,227654
656,227669
657,227678
658,227912
659,228689
660,228798
661,228856
662,228870
663,229008
664,229054
665,229076
666,229541
667,229603
668,229617
669,229785
670,229937
671,229978
672,230094
673,231069
674,231325
675,231428
676,231465
677,231983
678,232085
679,232286
680,232384
681,232458
682,232565
683,232642
684,233101
685,233522
686,233629
687,234233
688,234841
689,234873
690,235087
691,235388
692,236149
693,236226
694,236937
695,237249
696,238127
697,238375
698,238923
699,239044
700,239132
701,239693
702,240081
703,240150
704,240503
705,240540
706,240659
707,241402
708,241507
709,241557
710,241824
711,242027
712,242399
713,242653
714,244169
715,244214
716,244232
717,244907
718,245133
719,245228
720,245389
721,245989
722,246171
723,246490
724,246682
725,247128
726,247372
727,247419
728,247430
729,247590
730,248148
731,248435
732,248453
733,248946
734,249425
735,249591
736,249595
737,249675
738,249702
739,249832
740,249846
741,250134
742,250339
743,250342
744,250596
745,250819
746,250841
747,251790
748,252328
749,252703
750,252811
751,253625
752,254017
753,254421
754,254815
755,254911
756,255290
757,256029
758,256059
759,256158
760,256575
761,256603
762,256897
763,257019
764,257421
765,257498
766,257542
767,257662
768,257742
769,258021
770,258273
771,258335
772,258382
773,258634
774,259045
775,259205
776,259334
777,259558
778,259687
779,259961
780,260321
781,260863
782,261978
783,262253
784,262745
785,262829
786,263644
787,263725
788,264011
789,264937
790,265319
791,265620
792,266099
793,266227
794,266700
795,266768
796,267324
797,267355
798,267488
799,267540
800,268163
801,268744
802,268772
803,268793
804,269143
805,269452
806,269611
807,269820
808,270131
809,270150
810,270816
811,271532
812,271606
813,271708
814,271746
815,272086
816,272224
817,272486
818,272610
819,273750
820,273774
821,274487
822,274526
823,274882
824,275178
825,275347
826,275405
827,275754
828,275842
829,276568
830,276774
831,276851
832,277217
833,277512
834,277957
835,278094
836,278508
837,278602
838,279235
839,279313
840,279405
841,279554
842,279572
843,280505
844,280972
845,281008
846,281167
847,281304
848,281373
849,282533
850,283386
851,283461
852,283486
853,287319
854,287389
855,287400
856,287481
857,287500
858,287822
859,288000
860,288543
861,288593
862,288876
863,289220
864,289226
865,289266
866,290022
867,290467
868,290655
869,290678
870,290913
871,291098
872,292640
873,293085
874,293093
875,293279
876,293732
877,293876
878,294150
879,294152
880,294325
881,294508
882,294869
883,295546
884,296228
885,296339
886,297390
887,297841
888,298125
889,298130
890,298253
891,298851
892,298961
893,299394
894,299586
895,299902
896,299952
897,301337
898,301669
899,301933
900,302058
901,302303
902,302378
903,302746
904,302938
905,303374
906,304383
907,304509
908,305867
909,305962
910,306170
911,307979
912,308298
913,308577
914,309848
915,310182
916,311023
917,311027
918,311472
919,311532
920,311936
921,312384
922,312617
923,312720
924,312849
925,313103
926,313144
927,313214
928,313599
929,313804
930,313910
931,314015
932,314364
933,314684
934,314923
935,315024
936,315586
937,316298
938,317125
939,317368
940,317376
941,317437
942,318006
943,318024
944,318030
945,318129
946,318212
947,318842
948,319157
949,319285
950,319944
951,320001
952,320153
953,320232
954,321166
955,321383
956,321523
957,321655
958,322285
959,322421
960,322633
961,323019
962,323166
963,323255
964,323339
965,323755
966,323851
967,323978
968,324072
969,324506
970,324544
971,324840
972,325476
973,325569
974,325889
975,326035
976,326153
977,328203
978,328335
979,329703
980,329783
981,330205
982,330268
983,330303
984,330614
985,330795
986,331103
987,331788
988,331795
989,331967
990,332131
991,332863
992,333381
993,333453
994,333524
995,333592
996,333673
997,333829
998,334551
999,334618
1000,334806
1001,334976
1002,334992
1003,335594
1004,335648
1005,336972
1006,337004
1007,337280
1008,338621
1009,339171
1010,339630
1011,340410
1012,340462
1013,341175
1014,341196
1015,341369
1016,342206
1017,342305
1018,342638
1019,344009
1020,344091
1021,344186
1022,344217
1023,345358
1024,345611
1025,345948
1026,346357
1027,346492
1028,346514
1029,346524
1030,346677
1031,347129
1032,347192
1033,348551
1034,348987
1035,349116
1036,349399
1037,349613
1038,349739
1039,349928
1040,350184
1041,350214
1042,350243
1043,350306
1044,351012
1045,351243
1046,351277
1047,351594
1048,352165
1049,352348
1050,352453
1051,352643
1052,352973
1053,353305
1054,353349
1055,353617
1056,353890
1057,354956
1058,355404
1059,355683
1060,356574
1061,356736
1062,357241
1063,357319
1064,357629
1065,357683
1066,358093
1067,358096
1068,358476
1069,358512
1070,358572
1071,358831
1072,359188
1073,359459
1074,359588
1075,359706
1076,359998
1077,360092
1078,360377
1079,360711
1080,361313
1081,361352
1082,361526
1083,361785
1084,361853
1085,362076
1086,362096
1087,362246
1088,362877
1089,362938
1090,363523
1091,364634
1092,365351
1093,365420
1094,365544
1095,365630
1096,366546
1097,366809
1098,367152
1099,367160
1100,367532
1101,368301
1102,369590
1103,370081
1104,371281
1105,372068
1106,372497
1107,372641
1108,372891
1109,373779
1110,374154
1111,374461
1112,374700
1113,375051
1114,375286
1115,375626
1116,375753
1117,375999
1118,376354
1119,376375
1120,376875
1121,376957
1122,377029
1123,377084
1124,377139
1125,377150
1126,377288
1127,377560
1128,377657
1129,377672
1130,378491
1131,378570
1132,378670
1133,378714
1134,378825
1135,378886
1136,379047
1137,379360
1138,379471
1139,380034
1140,380364
1141,380677
1142,380843
1143,381354
1144,381854
1145,382503
1146,383851
1147,384236
1148,384695
1149,384724
1150,385142
1151,385226
1152,385237
1153,385368
1154,385405
1155,385728
1156,385738
1157,386254
1158,386529
1159,386601
1160,387233
1161,387780
1162,387813
1163,388121
1164,388470
1165,388471
1166,388692
1167,388734
1168,389534
1169,389726
1170,389906
1171,390844
1172,391319
1173,391341
1174,391695
1175,391756
1176,392334
1177,392400
1178,392651
1179,392695
1180,393351
1181,394111
1182,394788
1183,394808
1184,395218
1185,395424
1186,395440
1187,395482
1188,395492
1189,395883
1190,396363
1191,396966
1192,396977
1193,396996
1194,397272
1195,397459
1196,398007
1197,398285
1198,399243
1199,399426
1200,400394
1201,400459
1202,400778
1203,401202
1204,401539
1205,401766
1206,401932
1207,402191
1208,402733
1209,402944
1210,403240
1211,403275
1212,403518
1213,403522
1214,403950
1215,403988
1216,404511
1217,404540
1218,404827
1219,405315
1220,405370
1221,405588
1222,406001
1223,406268
1224,407008
1225,407379
1226,407714
1227,407802
1228,408286
1229,408675
1230,408964
1231,409345
1232,409536
1233,410533
1234,410575
1235,410939
1236,411176
1237,411567
1238,412297
1239,412778
1240,412819
1241,412869
1242,412938
1243,412978
1244,413463
1245,413826
1246,414008
1247,414405
1248,414578
1249,414650
1250,414753
1251,415151
1252,415160
1253,415447
1254,415504
1255,415691
1256,415724
1257,415872
1258,416752
1259,416757
1260,418383
1261,418647
1262,418849
1263,419018
1264,419184
1265,419225
1266,419227
1267,419317
1268,419813
1269,420186
1270,420611
1271,420830
1272,421004
1273,421059
1274,421302
1275,421432
1276,421940
1277,422549
1278,422609
1279,423032
1280,423087
1281,423812
1282,424142
1283,425259
1284,425890
1285,426007
1286,428660
1287,429275
1288,429778
1289,430139
1290,432133
1291,432254
1292,432395
1293,432639
1294,432710
1295,432802
1296,432869
1297,433032
1298,433741
1299,433955
1300,433996
1301,434021
1302,434035
1303,434228
1304,434311
1305,434422
1306,435078
1307,435095
1308,435098
1309,436437
1310,436594
1311,436610
1312,437511
1313,437649
1314,437991
1315,438207
1316,438623
1317,438630
1318,439288
1319,439488
1320,439671
1321,439991
1322,440034
1323,440422
1324,440429
1325,441236
1326,441242
1327,442196
1328,442456
1329,444415
1330,445113
1331,445786
1332,446463
1333,447358
1334,447684
1335,447849
1336,448848
1337,449717
1338,449819
1339,450563
1340,450619
1341,450879
1342,452302
1343,452306
1344,452477
1345,452845
1346,452924
1347,452932
1348,453949
1349,454163
1350,454212
1351,454436
1352,454634
1353,455160
1354,455431
1355,456508
1356,456723
1357,456742
1358,456759
1359,457058
1360,457354
1361,457611
1362,457616
1363,458113
1364,458237
1365,458851
1366,460059
1367,460083
1368,460947
1369,460970
1370,461378
1371,461460
1372,461999
1373,462712
1374,463141
1375,463203
1376,463676
1377,463704
1378,463813
1379,464280
1380,464481
1381,465014
1382,465079
1383,465525
1384,465993
1385,466124
1386,466262
1387,466311
1388,466419
1389,466782
1390,467154
1391,467625
1392,467912
1393,468486
1394,469687
1395,469817
1396,469882
1397,469957
1398,470048
1399,470708
1400,470749
1401,470895
1402,471087
1403,471191
1404,472097
1405,472397
1406,472527
1407,473070
1408,473156
1409,473196
1410,473307
1411,474021
1412,474066
1413,474205
1414,474467
1415,474570
1416,474829
1417,474969
1418,474979
1419,475177
1420,475631
1421,475942
1422,476227
1423,476329
1424,476331
1425,476577
1426,476793
1427,478073
1428,478270
1429,478306
1430,478511
1431,478808
1432,479208
1433,479250
1434,479388
1435,479945
1436,480613
1437,480691
1438,480963
1439,481087
1440,481160
1441,481188
1442,481982
1443,481998
1444,482301
1445,482427
1446,482533
1447,483317
1448,483903
1449,484364
1450,485663
1451,485718
1452,485878
1453,486011
1454,486294
1455,486375
1456,486980
1457,487319
1458,487651
1459,488566
1460,488932
1461,488944
1462,489235
1463,489245
1464,489392
1465,489430
1466,490772
1467,490968
1468,491063
1469,491177
1470,491246
1471,491249
1472,491689
1473,492038
1474,492391
1475,492522
1476,493114
1477,493342
1478,493562
1479,493698
1480,494276
1481,495315
1482,495642
1483,496034
1484,497494
1485,497647
1486,497654
1487,498628
1488,498716
1489,498774
1490,498936
1491,499127
1492,499207
1493,499586
1494,499904
1495,500443
1496,500666
1497,501221
1498,501305
1499,501530
1500,501748
1501,501853
1502,501942
1503,502440
1504,503041
1505,503158
1506,503429
1507,503720
1508,504148
1509,504396
1510,504557
1511,504703
1512,505607
1513,505971
1514,506239
1515,506278
1516,506338
1517,506913
1518,507108
1519,507180
1520,507224
1521,508637
1522,508852
1523,508985
1524,509767
1525,510619
1526,510677
1527,510858
1528,511012
1529,511132
1530,511285
1531,511292
1532,512169
1533,512301
1534,513450
1535,513497
1536,514505
1537,514778
1538,514995
1539,515061
1540,515111
1541,515140
1542,515231
1543,515480
1544,516197
1545,516318
1546,516416
1547,516798
1548,516867
1549,516939
1550,517442
1551,517546
1552,517884
1553,517905
1554,517957
1555,518016
1556,518099
1557,518446
1558,518466
1559,518839
1560,519052
1561,520442
1562,520486
1563,521078
1564,521146
1565,521652
1566,521674
1567,522465
1568,522888
1569,522898
1570,523150
1571,523417
1572,523659
1573,523706
1574,523947
1575,525191
1576,525516
1577,525796
1578,525827
1579,525951
1580,525969
1581,526010
1582,526056
1583,526117
1584,526402
1585,526528
1586,526718
1587,527139
1588,527168
1589,527194
1590,527285
1591,527539
1592,527870
1593,528272
1594,528444
1595,529448
1596,529530
1597,530323
1598,531187
1599,531551
1600,531782
1601,532183
1602,532397
1603,532486
1604,532619
1605,532793
1606,532858
1607,533052
1608,533059
1609,533125
1610,534093
1611,534165
1612,534314
1613,534419
1614,534630
1615,534720
1616,534848
1617,535225
1618,536265
1619,536561
1620,536647
1621,537288
1622,537435
1623,537597
1624,537709
1625,537718
1626,538029
1627,539505
1628,539920
1629,540860
1630,541243
1631,541728
1632,541809
1633,542490
1634,542563
1635,542669
1636,542737
1637,542864
1638,543038
1639,543336
1640,543713
1641,543858
1642,544102
1643,544231
1644,544810
1645,544851
1646,544944
1647,545198
1648,546174
1649,546599
1650,546809
1651,547130
1652,547492
1653,547680
1654,547969
1655,548130
1656,548772
1657,548799
1658,549478
1659,549622
1660,549759
1661,550290
1662,550773
1663,551116
1664,551533
1665,551755
1666,551922
1667,551993
1668,552408
1669,553096
1670,553203
1671,553335
1672,553516
1673,553900
1674,553903
1675,553925
1676,554131
1677,554438
1678,554866
1679,555023
1680,555703
1681,555889
1682,556235
1683,557675
1684,557960
1685,557977
1686,558197
1687,558254
1688,558295
1689,558352
1690,558691
1691,558778
1692,558968
1693,559611
1694,559643
1695,559802
1696,560021
1697,560999
1698,561195
1699,562298
1700,562480
1701,562589
1702,562601
1703,562658
1704,563032
1705,563717
1706,563928
1707,564109
1708,564303
1709,564390
1710,565325
1711,566337
1712,566791
1713,567642
1714,568267
1715,568396
1716,568430
1717,568982
1718,569147
1719,569495
1720,569840
1721,570651
1722,571409
1723,571503
1724,571697
1725,572119
1726,572331
1727,573293
1728,573608
1729,573746
1730,574369
1731,574793
1732,574995
1733,575425
1734,575540
1735,575737
1736,576144
1737,576208
1738,576819
1739,577697
1740,577738
1741,578105
1742,578115
1743,578414
1744,578537
1745,578890
1746,579880
1747,579889
1748,579946
1749,579969
1750,580075
1751,580162
1752,580346
1753,580863
1754,580984
1755,581318
1756,581525
1757,582320
1758,582506
1759,583123
1760,583422
1761,583774
1762,583930
1763,584477
1764,584665
1765,584918
1766,585418
1767,585582
1768,585938
1769,586109
1770,586143
1771,586208
1772,587347
1773,587492
1774,587605
1775,587648
1776,587884
1777,587911
1778,588422
1779,588477
1780,588624
1781,588657
1782,588775
1783,589548
1784,590081
1785,590147
1786,590413
1787,590546
1788,590872
1789,591171
1790,591834
1791,591862
1792,591912
1793,591975
1794,592655
1795,593522
1796,594019
1797,594903
1798,595099
1799,595312
1800,595648
1801,595743
1802,595846
1803,596117
1804,597206
1805,597245
1806,597350
1807,597673
1808,598104
1809,598321
1810,598359
1811,598729
1812,599022
1813,599186
1814,599341
1815,599670
1816,600143
1817,600655
1818,601245
1819,601357
1820,601543
1821,601625
1822,602059
1823,602208
1824,602676
1825,602713
1826,603380
1827,603881
1828,604178
1829,604470
1830,604799
1831,605135
1832,605177
1833,605193
1834,605365
1835,606495
1836,606685
1837,606784
1838,607864
1839,608684
1840,609790
1841,610176
1842,610621
1843,610981
1844,611361
1845,611605
1846,612142
1847,612493
1848,612734
1849,612777
1850,613004
1851,613230
1852,613485
1853,614051
1854,614190
1855,614659
1856,615156
1857,615351
1858,615513
1859,616105
1860,616118
1861,616932
1862,617071
1863,617548
1864,617850
1865,617935
1866,618265
1867,618894
1868,619942
1869,620112
1870,620591
1871,621998
1872,622216
1873,622362
1874,622414
1875,622730
1876,623158
1877,623494
1878,624242
1879,624518
1880,624525
1881,625265
1882,626459
1883,626530
1884,626576
1885,626641
1886,626669
1887,626791
1888,628773
1889,629385
1890,629930
1891,629933
1892,630080
1893,631211
1894,631251
1895,631663
1896,632880
1897,633013
1898,633665
1899,634059
1900,634159
1901,634501
1902,634807
1903,635397
1904,635456
1905,636172
1906,636234
1907,636769
1908,637653
1909,638450
1910,638612
1911,638800
1912,638948
1913,639674
1914,639948
1915,639966
1916,640324
1917,640362
1918,640404
1919,640566
1920,640594
1921,640652
1922,640820
1923,641643
1924,642291
1925,643336
1926,643625
1927,644909
1928,645872
1929,646214
1930,646220
1931,646418
1932,646894
1933,647096
1934,647847
1935,648240
1936,648470
1937,648887
1938,649342
1939,649817
1940,649853
1941,650254
1942,650924
1943,651107
1944,651930
1945,652348
1946,652354
1947,652723
1948,652825
1949,653013
1950,653150
1951,653474
1952,653616
1953,653740
1954,653922
1955,654341
1956,654686
1957,655022
1958,655466
1959,655541
1960,655782
1961,655820
1962,656762
1963,657026
1964,657460
1965,658518
1966,658931
1967,659159
1968,659198
1969,659411
1970,659526
1971,659667
1972,659992
1973,660345
1974,661455
1975,661892
1976,662335
1977,662458
1978,662609
1979,662749
1980,663429
1981,663621
1982,665109
1983,665135
1984,666021
1985,666730
1986,667203
1987,667643
1988,667816
1989,668107
1990,668307
1991,668680
1992,668733
1993,668997
1994,669207
1995,670584
1996,670932
1997,671195
1998,671296
1999,671473
2000,671798
2001,671971
2002,672209
2003,672574
2004,672658
2005,673062
2006,673330
2007,673528
2008,673612
2009,673832
2010,674447
2011,674737
2012,675224
2013,675429
2014,676163
2015,676219
2016,676615
2017,677085
2018,677235
2019,678233
2020,678459
2021,679141
2022,679279
2023,679686
2024,679716
2025,679827
2026,680289
2027,680846
2028,680893
2029,681522
2030,682155
2031,682183
2032,682298
2033,682314
2034,682822
2035,682891
2036,683055
2037,683328
2038,683414
2039,683585
2040,684113
2041,684405
2042,684971
2043,685359
2044,685821
2045,686259
2046,686380
2047,686546
2048,687361
2049,687550
2050,687880
2051,688424
2052,688465
2053,688609
2054,688739
2055,688902
2056,688969
2057,689480
2058,689567
2059,689867
2060,690016
2061,690142
2062,691123
2063,692115
2064,692393
2065,692403
2066,692440
2067,692774
2068,693050
2069,693254
2070,693452
2071,693703
2072,693878
2073,693974
2074,694168
2075,694406
2076,694878
2077,694911
2078,695128
2079,695759
2080,695790
2081,696411
2082,696663
2083,696892
2084,697582
2085,697721
2086,698482
2087,698534
2088,698724
2089,699388
2090,699657
2091,699911
2092,700173
2093,700694
2094,701115
2095,701138
2096,701180
2097,701353
2098,702236
2099,702371
2100,702416
2101,702501
2102,702587
2103,702691
2104,702891
2105,703134
2106,703135
2107,703584
2108,703679
2109,703714
2110,703802
2111,703937
2112,704561
2113,704674
2114,704728
2115,704771
2116,705231
2117,706765
2118,707782
2119,708049
2120,708182
2121,708365
2122,709407
2123,709802
2124,710413
2125,710580
2126,710702
2127,711677
2128,711851
2129,711961
2130,712073
2131,712077
2132,712091
2133,712285
2134,712539
2135,713151
2136,713435
2137,713528
2138,713866
2139,714241
2140,714435
2141,714516
2142,714858
2143,715048
2144,715479
2145,715705
2146,715799
2147,716291
2148,716504
2149,716607
2150,717476
2151,717933
2152,718144
2153,718443
2154,719298
2155,719662
2156,720346
2157,721439
2158,722076
2159,722181
2160,722730
2161,723036
2162,723124
2163,723473
2164,723520
2165,723883
2166,723929
2167,724060
2168,724119
2169,724136
2170,724220
2171,724327
2172,724493
2173,724787
2174,724855
2175,725284
2176,725423
2177,725497
2178,725707
2179,725886
2180,726241
2181,726362
2182,726501
2183,726583
2184,726863
2185,727705
2186,727835
2187,728119
2188,728266
2189,728345
2190,728404
2191,728489
2192,728599
2193,728743
2194,729089
2195,729442
2196,729593
2197,730266
2198,730992
2199,731979
2200,732061
2201,733584
2202,734841
2203,735890
2204,736167
2205,736522
2206,736585
2207,736672
2208,736837
2209,737328
2210,737444
2211,737785
2212,738390
2213,738642
2214,738970
2215,738985
2216,739454
2217,739456
2218,739457
2219,739577
2220,739623
2221,740103
2222,740381
2223,741551
2224,741928
2225,741949
2226,742032
2227,742471
2228,742692
2229,744049
2230,744553
2231,744700
2232,744756
2233,744832
2234,744936
2235,744966
2236,745500
2237,745558
2238,745636
2239,746054
2240,746487
2241,746535
2242,746630
2243,746919
2244,747034
2245,747049
2246,747304
2247,747513
2248,747719
2249,748329
2250,748336
2251,748612
2252,748634
2253,748666
2254,748709
2255,748890
2256,748891
2257,750026
2258,750148
2259,750286
2260,750309
2261,751081
2262,751264
2263,751852
2264,751871
2265,752083
2266,752095
2267,752219
2268,752615
2269,753015
2270,753731
2271,755179
2272,756277
2273,756925
2274,757312
2275,757674
2276,758004
2277,758401
2278,758549
2279,758600
2280,758674
2281,758816
2282,758931
2283,758999
2284,759192
2285,759898
2286,759927
2287,760274
2288,760651
2289,761165
2290,761427
2291,761519
2292,761711
2293,762688
2294,762888
2295,763168
2296,765095
2297,766622
2298,766756
2299,767594
2300,767872
2301,768211
2302,768368
2303,768722
2304,768769
2305,769558
2306,770109
2307,770576
2308,770760
2309,770772
2310,771130
2311,771446
2312,772064
2313,772254
2314,773462
2315,773565
2316,774146
2317,774442
2318,774630
2319,774698
2320,774851
2321,774883
2322,775015
2323,775047
2324,775058
2325,775222
2326,775660
2327,776028
2328,776243
2329,777165
2330,777559
2331,777681
2332,777982
2333,778113
2334,778185
2335,778685
2336,778960
2337,779199
2338,779258
2339,779630
2340,779949
2341,780080
2342,780369
2343,781034
2344,781260
2345,781438
2346,781524
2347,781623
2348,781648
2349,781803
2350,781903
2351,782231
2352,783120
2353,783615
2354,783949
2355,784073
2356,784294
2357,784400
2358,784496
2359,785132
2360,785278
2361,785741
2362,785800
2363,785874
2364,787142
2365,787349
2366,787382
2367,788076
2368,788373
2369,788391
2370,788436
2371,788999
2372,789054
2373,789522
2374,789526
2375,790032
2376,790110
2377,790185
2378,790319
2379,790474
2380,790584
2381,790766
2382,790809
2383,791316
2384,791430
2385,791571
2386,791695
2387,792002
2388,792391
2389,792435
2390,792658
2391,792664
2392,792756
2393,792813
2394,792818
2395,792927
2396,793141
2397,793634
2398,793669
2399,793889
2400,794164
2401,794655
2402,795189
2403,795196
2404,795663
2405,795831
2406,796254
2407,796496
2408,796828
2409,797057
2410,798190
2411,798243
2412,798270
2413,798312
2414,798801
2415,799170
2416,799706
2417,800641
2418,800740
2419,800962
2420,801078
2421,802596
2422,802766
2423,804289
2424,805369
2425,807114
2426,807304
2427,807866
2428,808019
2429,808250
2430,808785
2431,809231
2432,809853
2433,809872
2434,809951
2435,810332
2436,810474
2437,811997
2438,812003
2439,812126
2440,812178
2441,812595
2442,812647
2443,813671
2444,813798
2445,813858
2446,814165
2447,814969
2448,815419
2449,815787
2450,816456
2451,816469
2452,816765
2453,816921
2454,817050
2455,817173
2456,817193
2457,817366
2458,817790
2459,817862
2460,819073
2461,819205
2462,819456
2463,820623
2464,820657
2465,820911
2466,821457
2467,822605
2468,822721
2469,823523
2470,823924
2471,824051
2472,824221
2473,824500
2474,824524
2475,824730
2476,824952
2477,825276
2478,825437
2479,825559
2480,825589
2481,826185
2482,826455
2483,827022
2484,827153
2485,827961
2486,828115
2487,828184
2488,828219
2489,828826
2490,828882
2491,829101
2492,829543
2493,830043
2494,830115
2495,830207
2496,830481
2497,830539
2498,831026
2499,831267
2500,831596
2501,831706
2502,832524
2503,832663
2504,832749
2505,832884
2506,832976
2507,833012
2508,833058
2509,834286
2510,835425
2511,835492
2512,835650
2513,836397
2514,836683
2515,837100
2516,837265
2517,837275
2518,837961
2519,838171
2520,838446
2521,838760
2522,838832
2523,838941
2524,839149
2525,839152
2526,839256
2527,839548
2528,839925
2529,840110
2530,840303
2531,841274
2532,841470
2533,841536
2534,841957
2535,842616
2536,842656
2537,842754
2538,843002
2539,843005
2540,843127
2541,843170
2542,843188
2543,843508
2544,843754
2545,843858
2546,844765
2547,844958
2548,845424
2549,845682
2550,846487
2551,846806
2552,847094
2553,847183
2554,847280
2555,848143
2556,848366
2557,848490
2558,848655
2559,848744
2560,849241
2561,849292
2562,849327
2563,849538
2564,849545
2565,849705
2566,850188
2567,850709
2568,851085
2569,851328
2570,851823
2571,851980
2572,853080
2573,853286
2574,853607
2575,853649
2576,854225
2577,854344
2578,854628
2579,855024
2580,855513
2581,855530
2582,855860
2583,856165
2584,856187
2585,856289
2586,856771
2587,858667
2588,858877
2589,859141
2590,859605
2591,859628
2592,859827
2593,860062
2594,861128
2595,861323
2596,861452
2597,861684
2598,861886
2599,862154
2600,862209
2601,862275
2602,863193
2603,863214
2604,864029
2605,864185
2606,864400
2607,865397
2608,865643
2609,865716
2610,865897
2611,866016
2612,866389
2613,866875
2614,867370
2615,867669
2616,867968
2617,868889
2618,869257
2619,869859
2620,870301
2621,870321
2622,871127
2623,871356
2624,871386
2625,872131
2626,872187
2627,872694
2628,872801
2629,872928
2630,872961
2631,872995
2632,873147
2633,873201
2634,874339
2635,875095
2636,875299
2637,875806
2638,876360
2639,877791
2640,878020
2641,878811
2642,878883
2643,878994
2644,879433
2645,880810
2646,881127
2647,881553
2648,881647
2649,881929
2650,882000
2651,882023
2652,882113
2653,882377
2654,882493
2655,882964
2656,883148
2657,883370
2658,883417
2659,883516
2660,883679
2661,883739
2662,883817
2663,883843
2664,883927
2665,884043
2666,884055
2667,884168
2668,884665
2669,884772
2670,884808
2671,885507
2672,885524
2673,885612
2674,885703
2675,885824
2676,886417
2677,887264
2678,887432
2679,887645
2680,888221
2681,889393
2682,889851
2683,890662
2684,891466
2685,891720
2686,892863
2687,892867
2688,892881
2689,893311
2690,893924
2691,894304
2692,894449
2693,894792
2694,895312
2695,895734
2696,895816
2697,895853
2698,896267
2699,896421
2700,896664
2701,896998
2702,897296
2703,898191
2704,898266
2705,899028
2706,899075
2707,899407
2708,899606
2709,899777
2710,899779
2711,900044
2712,900440
2713,900495
2714,900966
2715,901027
2716,901296
2717,901541
2718,901651
2719,901778
2720,901920
2721,901941
2722,902305
2723,902386
2724,902995
2725,903483
2726,903572
2727,903666
2728,903735
2729,903815
2730,904009
2731,904103
2732,905129
2733,906501
2734,906593
2735,907260
2736,907576
2737,907839
2738,908485
2739,908671
2740,908802
2741,909072
2742,909298
2743,909379
2744,909549
2745,909557
2746,909798
2747,909862
2748,910187
2749,910458
2750,910729
2751,910907
2752,911205
2753,911307
2754,912528
2755,912607
2756,913007
2757,913071
2758,913220
2759,913241
2760,913266
2761,913393
2762,913461
2763,913564
2764,913660
2765,914015
2766,914308
2767,916098
2768,916335
2769,916460
2770,916589
2771,917122
2772,917393
2773,917556
2774,918272
2775,918304
2776,918346
2777,918429
2778,919366
2779,919627
2780,920190
2781,921274
2782,921303
2783,921521
2784,921534
2785,921575
2786,921704
2787,922184
2788,922659
2789,922749
2790,922841
2791,923053
2792,923236
2793,923384
2794,923945
2795,923951
2796,924208
2797,924378
2798,925487
2799,925635
2800,926073
2801,926222
2802,927102
2803,927112
2804,927136
2805,927168
2806,927239
2807,927713
2808,927895
2809,927911
2810,927965
2811,928332
2812,928735
2813,928782
2814,929524
2815,930201
2816,930928
2817,931004
2818,931063
2819,931322
2820,931797
2821,931838
2822,932107
2823,932118
2824,932628
2825,932881
2826,933052
2827,933323
2828,933656
2829,933849
2830,933913
2831,934019
2832,934081
2833,934118
2834,934207
2835,934545
2836,934780
2837,934946
2838,935215
2839,935497
2840,935537
2841,936308
2842,936596
2843,937154
2844,937665
2845,937994
2846,938012
2847,938471
2848,939876
2849,939927
2850,939955
2851,940655
2852,940703
2853,940758
2854,940946
2855,941166
2856,941552
2857,943079
2858,943216
2859,943227
2860,943980
2861,944176
2862,944903
2863,945280
2864,945303
2865,945909
2866,946251
2867,946447
2868,946796
2869,947260
2870,947377
2871,947715
2872,948572
2873,949004
2874,949287
2875,949297
2876,950205
2877,950271
2878,950327
2879,950733
2880,951248
2881,951721
2882,951752
2883,951959
2884,952136
2885,952295
2886,952585
2887,952770
2888,953273
2889,953428
2890,953431
2891,953732
2892,954416
2893,954471
2894,954757
2895,954781
2896,955083
2897,955404
2898,955453
2899,955781
2900,956072
2901,956287
2902,956488
2903,957322
2904,957623
2905,957898
2906,958565
2907,958821
2908,959045
2909,959312
2910,960119
2911,960283
2912,962062
2913,962477
2914,962590
2915,962668
2916,963400
2917,963500
2918,963784
2919,964666
2920,964740
2921,964803
2922,966256
2923,966474
2924,966938
2925,967210
2926,967912
2927,968151
2928,968864
2929,969102
2930,969169
2931,969921
2932,969955
2933,970110
2934,970151
2935,970882
2936,971079
2937,971313
2938,972108
2939,972295
2940,972631
2941,973104
2942,973281
2943,973998
2944,974699
2945,974825
2946,975107
2947,975314
2948,975560
2949,975668
2950,976021
2951,976423
2952,977119
2953,977343
2954,977374
2955,977606
2956,977766
2957,977786
2958,978336
2959,978692
2960,980613
2961,980858
2962,980928
2963,981536
2964,982355
2965,982515
2966,983613
2967,983645
2968,984717
2969,985870
2970,986163
2971,986747
2972,986955
2973,987323
2974,987606
2975,988575
2976,988625
2977,988778
2978,990130
2979,990971
2980,991269
2981,991285
2982,991318
2983,991731
2984,992145
2985,993029
2986,993856
2987,993925
2988,994205
2989,994396
2990,994628
2991,994639
2992,995434
2993,995549
2994,995654
2995,996210
2996,996454
2997,997231
2998,997861
2999,998001
3000,998654
